Ligand,Binding Affinity,rmsd/ub, rmsd/lb
D148G_4DQU_Cleaned_PDB_Adduct_ligand_PDB,-11.1,0.0,0.0
D148G_4DQU_Cleaned_PDB_Adduct_ligand_PDB,-11.1,3.678,2.11
D148G_4DQU_Cleaned_PDB_Adduct_ligand_PDB,-11.0,4.683,2.703
D148G_4DQU_Cleaned_PDB_Adduct_ligand_PDB,-10.6,2.382,1.651
D148G_4DQU_Cleaned_PDB_Adduct_ligand_PDB,-10.6,5.646,3.593
D148G_4DQU_Cleaned_PDB_Adduct_ligand_PDB,-10.6,4.38,2.738
D148G_4DQU_Cleaned_PDB_Adduct_ligand_PDB,-10.6,2.532,1.515
D148G_4DQU_Cleaned_PDB_Adduct_ligand_PDB,-10.5,5.496,3.2
D148G_4DQU_Cleaned_PDB_Adduct_ligand_PDB,-10.4,3.778,2.129
